<metadata xml:lang="en"><Esri><CreaDate>20131002</CreaDate><CreaTime>09502200</CreaTime><ArcGISFormat>1.0</ArcGISFormat><SyncOnce>FALSE</SyncOnce><DataProperties><itemProps><itemLocation><linkage Sync="TRUE">file://\\ITGILL00-2\C$\Temp\temp\trails.shp</linkage><protocol Sync="TRUE">Local Area Network</protocol></itemLocation><itemName Sync="TRUE">trails</itemName><imsContentType Sync="TRUE">002</imsContentType><itemSize Sync="TRUE">0.000</itemSize></itemProps><copyHistory><copy source="P:\Updates\trails" dest="\\Gis-cloud2\DeptShare\Rec&amp;Parks\trails" date="20131002" time="09502200"/></copyHistory><coordRef><type Sync="TRUE">Projected</type><geogcsn Sync="TRUE">GCS_North_American_1983_HARN</geogcsn><csUnits Sync="TRUE">Linear Unit: Foot_US (0.304801)</csUnits><projcsn Sync="TRUE">NAD_1983_HARN_StatePlane_Maryland_FIPS_1900_Feet</projcsn><peXml Sync="TRUE">&lt;ProjectedCoordinateSystem xsi:type='typens:ProjectedCoordinateSystem' xmlns:xsi='http://www.w3.org/2001/XMLSchema-instance' xmlns:xs='http://www.w3.org/2001/XMLSchema' xmlns:typens='http://www.esri.com/schemas/ArcGIS/10.1'&gt;&lt;WKT&gt;PROJCS[&amp;quot;NAD_1983_HARN_StatePlane_Maryland_FIPS_1900_Feet&amp;quot;,GEOGCS[&amp;quot;GCS_North_American_1983_HARN&amp;quot;,DATUM[&amp;quot;D_North_American_1983_HARN&amp;quot;,SPHEROID[&amp;quot;GRS_1980&amp;quot;,6378137.0,298.257222101]],PRIMEM[&amp;quot;Greenwich&amp;quot;,0.0],UNIT[&amp;quot;Degree&amp;quot;,0.0174532925199433]],PROJECTION[&amp;quot;Lambert_Conformal_Conic&amp;quot;],PARAMETER[&amp;quot;False_Easting&amp;quot;,1312333.333333333],PARAMETER[&amp;quot;False_Northing&amp;quot;,0.0],PARAMETER[&amp;quot;Central_Meridian&amp;quot;,-77.0],PARAMETER[&amp;quot;Standard_Parallel_1&amp;quot;,38.3],PARAMETER[&amp;quot;Standard_Parallel_2&amp;quot;,39.45],PARAMETER[&amp;quot;Latitude_Of_Origin&amp;quot;,37.66666666666666],UNIT[&amp;quot;Foot_US&amp;quot;,0.3048006096012192],AUTHORITY[&amp;quot;EPSG&amp;quot;,2893]]&lt;/WKT&gt;&lt;XOrigin&gt;-120561100&lt;/XOrigin&gt;&lt;YOrigin&gt;-95444400&lt;/YOrigin&gt;&lt;XYScale&gt;36953082.294548117&lt;/XYScale&gt;&lt;ZOrigin&gt;-100000&lt;/ZOrigin&gt;&lt;ZScale&gt;10000&lt;/ZScale&gt;&lt;MOrigin&gt;-100000&lt;/MOrigin&gt;&lt;MScale&gt;10000&lt;/MScale&gt;&lt;XYTolerance&gt;0.0032808333333333331&lt;/XYTolerance&gt;&lt;ZTolerance&gt;0.001&lt;/ZTolerance&gt;&lt;MTolerance&gt;0.001&lt;/MTolerance&gt;&lt;HighPrecision&gt;true&lt;/HighPrecision&gt;&lt;WKID&gt;2893&lt;/WKID&gt;&lt;LatestWKID&gt;2893&lt;/LatestWKID&gt;&lt;/ProjectedCoordinateSystem&gt;</peXml></coordRef><lineage><Process ToolSource="c:\program files\arcgis\desktop10.1\ArcToolbox\Toolboxes\Conversion Tools.tbx\FeatureClassToFeatureClass" Date="20131008" Time="103623">FeatureClassToFeatureClass \\Gis-cloud2\d$\DeptShare\Rec&amp;Parks\trails.shp D:\GIS_WORK\GIS_QC.gdb\RecParks_Trails trails_new # "LENGTH_FT "LENGTH_FT" true true false 9 Double 3 8 ,First,#,\\Gis-cloud2\d$\DeptShare\Rec&amp;Parks\trails.shp,LENGTH_FT,-1,-1;LENGTH_MI "LENGTH_MI" true true false 19 Double 17 18 ,First,#,\\Gis-cloud2\d$\DeptShare\Rec&amp;Parks\trails.shp,LENGTH_MI,-1,-1;TRAIL "TRAIL" true true false 15 Text 0 0 ,First,#,\\Gis-cloud2\d$\DeptShare\Rec&amp;Parks\trails.shp,TRAIL,-1,-1;STATUS "STATUS" true true false 45 Text 0 0 ,First,#,\\Gis-cloud2\d$\DeptShare\Rec&amp;Parks\trails.shp,STATUS,-1,-1;NAME "NAME" true true false 45 Text 0 0 ,First,#,\\Gis-cloud2\d$\DeptShare\Rec&amp;Parks\trails.shp,NAME,-1,-1" #</Process><Process ToolSource="c:\program files\arcgis\desktop10.1\ArcToolbox\Toolboxes\Conversion Tools.tbx\FeatureClassToFeatureClass" Date="20131008" Time="155307">FeatureClassToFeatureClass D:\GIS_WORK\GIS_QC.gdb\RecParks_Trails\trails_new "Database Connections\GIS-MOON2(SDE-SDE-DEFAULT).sde" trails_new # "LENGTH_FT "LENGTH_FT" true true false 8 Double 0 0 ,First,#,D:\GIS_WORK\GIS_QC.gdb\RecParks_Trails\trails_new,LENGTH_FT,-1,-1;LENGTH_MI "LENGTH_MI" true true false 8 Double 0 0 ,First,#,D:\GIS_WORK\GIS_QC.gdb\RecParks_Trails\trails_new,LENGTH_MI,-1,-1;TRAIL "TRAIL" true true false 15 Text 0 0 ,First,#,D:\GIS_WORK\GIS_QC.gdb\RecParks_Trails\trails_new,TRAIL,-1,-1;STATUS "STATUS" true true false 45 Text 0 0 ,First,#,D:\GIS_WORK\GIS_QC.gdb\RecParks_Trails\trails_new,STATUS,-1,-1;NAME "NAME" true true false 45 Text 0 0 ,First,#,D:\GIS_WORK\GIS_QC.gdb\RecParks_Trails\trails_new,NAME,-1,-1;Shape_Length "Shape_Length" false true true 8 Double 0 0 ,First,#,D:\GIS_WORK\GIS_QC.gdb\RecParks_Trails\trails_new,Shape_Length,-1,-1" #</Process><Process ToolSource="c:\program files\arcgis\desktop10.1\ArcToolbox\Toolboxes\Conversion Tools.tbx\FeatureClassToFeatureClass" Date="20131009" Time="160651">FeatureClassToFeatureClass "Database Connections\SDE on gis-moon2.sde\sde.SDE.trails_new" "Database Connections\SDE on gis-cloud2.sde" trails_2 # "LENGTH_FT "LENGTH_FT" true true false 8 Double 8 38 ,First,#,Database Connections\SDE on gis-moon2.sde\sde.SDE.trails_new,LENGTH_FT,-1,-1;LENGTH_MI "LENGTH_MI" true true false 8 Double 8 38 ,First,#,Database Connections\SDE on gis-moon2.sde\sde.SDE.trails_new,LENGTH_MI,-1,-1;TRAIL "TRAIL" true true false 15 Text 0 0 ,First,#,Database Connections\SDE on gis-moon2.sde\sde.SDE.trails_new,TRAIL,-1,-1;STATUS "STATUS" true true false 45 Text 0 0 ,First,#,Database Connections\SDE on gis-moon2.sde\sde.SDE.trails_new,STATUS,-1,-1;NAME "NAME" true true false 45 Text 0 0 ,First,#,Database Connections\SDE on gis-moon2.sde\sde.SDE.trails_new,NAME,-1,-1;Shape_STLength__ "Shape.STLength()" false false true 0 Double 0 0 ,First,#,Database Connections\SDE on gis-moon2.sde\sde.SDE.trails_new,Shape.STLength(),-1,-1" #</Process><Process ToolSource="c:\program files\arcgis\desktop10.1\ArcToolbox\Toolboxes\Conversion Tools.tbx\FeatureClassToFeatureClass" Date="20131016" Time="161113">FeatureClassToFeatureClass "Database Connections\SDE on gis-cloud2.sde\sde.SDE.trails" C:\Temp\temp trails.shp # "LENGTH_FT "LENGTH_FT" true true false 8 Double 8 38 ,First,#,Database Connections\SDE on gis-cloud2.sde\sde.SDE.trails,LENGTH_FT,-1,-1;LENGTH_MI "LENGTH_MI" true true false 8 Double 8 38 ,First,#,Database Connections\SDE on gis-cloud2.sde\sde.SDE.trails,LENGTH_MI,-1,-1;TRAIL "TRAIL" true true false 15 Text 0 0 ,First,#,Database Connections\SDE on gis-cloud2.sde\sde.SDE.trails,TRAIL,-1,-1;STATUS "STATUS" true true false 45 Text 0 0 ,First,#,Database Connections\SDE on gis-cloud2.sde\sde.SDE.trails,STATUS,-1,-1;NAME "NAME" true true false 45 Text 0 0 ,First,#,Database Connections\SDE on gis-cloud2.sde\sde.SDE.trails,NAME,-1,-1;Shape_STLe "Shape.STLength()" true false false 8 Double 8 38 ,First,#,Database Connections\SDE on gis-cloud2.sde\sde.SDE.trails,Shape_STLength__,-1,-1;Shape_ST_1 "Shape.STLength()" false false true 0 Double 0 0 ,First,#,Database Connections\SDE on gis-cloud2.sde\sde.SDE.trails,Shape.STLength(),-1,-1" #</Process></lineage></DataProperties><SyncDate>20131016</SyncDate><SyncTime>16111300</SyncTime><ModDate>20131016</ModDate><ModTime>16111300</ModTime></Esri><dataIdInfo><envirDesc Sync="TRUE">Microsoft Windows XP Version 5.1 (Build 2600) Service Pack 3; Esri ArcGIS 10.1.1.3143</envirDesc><dataLang><languageCode value="en" Sync="TRUE"/><countryCode value="US" Sync="TRUE"/></dataLang><idCitation><resTitle Sync="TRUE">trails</resTitle><presForm><PresFormCd value="005" Sync="TRUE"/></presForm></idCitation><spatRpType><SpatRepTypCd value="001" Sync="TRUE"/></spatRpType></dataIdInfo><mdLang><languageCode value="en" Sync="TRUE"/><countryCode value="US" Sync="TRUE"/></mdLang><mdChar><CharSetCd value="004" Sync="TRUE"/></mdChar><distInfo><distFormat><formatName Sync="TRUE">Shapefile</formatName></distFormat><distTranOps><transSize Sync="TRUE">0.000</transSize></distTranOps></distInfo><mdHrLv><ScopeCd value="005" Sync="TRUE"/></mdHrLv><mdHrLvName Sync="TRUE">dataset</mdHrLvName><refSysInfo><RefSystem><refSysID><identCode code="2893" Sync="TRUE"/><idCodeSpace Sync="TRUE">EPSG</idCodeSpace><idVersion Sync="TRUE">7.11.2</idVersion></refSysID></RefSystem></refSysInfo><spatRepInfo><VectSpatRep><geometObjs Name="trails"><geoObjTyp><GeoObjTypCd value="002" Sync="TRUE"></GeoObjTypCd></geoObjTyp><geoObjCnt Sync="TRUE">0</geoObjCnt></geometObjs><topLvl><TopoLevCd value="001" Sync="TRUE"></TopoLevCd></topLvl></VectSpatRep></spatRepInfo><spdoinfo><ptvctinf><esriterm Name="trails"><efeatyp Sync="TRUE">Simple</efeatyp><efeageom code="3" Sync="TRUE"></efeageom><esritopo Sync="TRUE">FALSE</esritopo><efeacnt Sync="TRUE">0</efeacnt><spindex Sync="TRUE">FALSE</spindex><linrefer Sync="TRUE">FALSE</linrefer></esriterm></ptvctinf></spdoinfo><eainfo><detailed Name="trails"><enttyp><enttypl Sync="TRUE">trails</enttypl><enttypt Sync="TRUE">Feature Class</enttypt><enttypc Sync="TRUE">0</enttypc></enttyp><attr><attrlabl Sync="TRUE">FID</attrlabl><attalias Sync="TRUE">FID</attalias><attrtype Sync="TRUE">OID</attrtype><attwidth Sync="TRUE">4</attwidth><atprecis Sync="TRUE">0</atprecis><attscale Sync="TRUE">0</attscale><attrdef Sync="TRUE">Internal feature number.</attrdef><attrdefs Sync="TRUE">Esri</attrdefs><attrdomv><udom Sync="TRUE">Sequential unique whole numbers that are automatically generated.</udom></attrdomv></attr><attr><attrlabl Sync="TRUE">Shape</attrlabl><attalias Sync="TRUE">Shape</attalias><attrtype Sync="TRUE">Geometry</attrtype><attwidth Sync="TRUE">0</attwidth><atprecis Sync="TRUE">0</atprecis><attscale Sync="TRUE">0</attscale><attrdef Sync="TRUE">Feature geometry.</attrdef><attrdefs Sync="TRUE">Esri</attrdefs><attrdomv><udom Sync="TRUE">Coordinates defining the features.</udom></attrdomv></attr><attr><attrlabl Sync="TRUE">LENGTH_FT</attrlabl><attalias Sync="TRUE">LENGTH_FT</attalias><attrtype Sync="TRUE">Double</attrtype><attwidth Sync="TRUE">19</attwidth><atprecis Sync="TRUE">18</atprecis><attscale Sync="TRUE">8</attscale></attr><attr><attrlabl Sync="TRUE">LENGTH_MI</attrlabl><attalias Sync="TRUE">LENGTH_MI</attalias><attrtype Sync="TRUE">Double</attrtype><attwidth Sync="TRUE">19</attwidth><atprecis Sync="TRUE">18</atprecis><attscale Sync="TRUE">8</attscale></attr><attr><attrlabl Sync="TRUE">TRAIL</attrlabl><attalias Sync="TRUE">TRAIL</attalias><attrtype Sync="TRUE">String</attrtype><attwidth Sync="TRUE">15</attwidth><atprecis Sync="TRUE">0</atprecis><attscale Sync="TRUE">0</attscale></attr><attr><attrlabl Sync="TRUE">STATUS</attrlabl><attalias Sync="TRUE">STATUS</attalias><attrtype Sync="TRUE">String</attrtype><attwidth Sync="TRUE">45</attwidth><atprecis Sync="TRUE">0</atprecis><attscale Sync="TRUE">0</attscale></attr><attr><attrlabl Sync="TRUE">NAME</attrlabl><attalias Sync="TRUE">NAME</attalias><attrtype Sync="TRUE">String</attrtype><attwidth Sync="TRUE">45</attwidth><atprecis Sync="TRUE">0</atprecis><attscale Sync="TRUE">0</attscale></attr><attr><attrlabl Sync="TRUE">Shape_STLe</attrlabl><attalias Sync="TRUE">Shape_STLe</attalias><attrtype Sync="TRUE">Double</attrtype><attwidth Sync="TRUE">19</attwidth><atprecis Sync="TRUE">18</atprecis><attscale Sync="TRUE">8</attscale></attr><attr><attrlabl Sync="TRUE">Shape_ST_1</attrlabl><attalias Sync="TRUE">Shape_ST_1</attalias><attrtype Sync="TRUE">Double</attrtype><attwidth Sync="TRUE">19</attwidth><atprecis Sync="TRUE">0</atprecis><attscale Sync="TRUE">0</attscale></attr></detailed></eainfo><mdDateSt Sync="TRUE">20131016</mdDateSt></metadata>
