<?xml version="1.0" encoding="UTF-8"?>
<metadata xml:lang="en"><Esri><CreaDate>20131107</CreaDate><CreaTime>15060000</CreaTime><ArcGISFormat>1.0</ArcGISFormat><SyncOnce>TRUE</SyncOnce><DataProperties><itemProps><itemLocation><linkage Sync="TRUE">file://\\gis-cloud2\DeptShare\DPW\MGI_SharedData\swamp\hydrants</linkage><protocol Sync="TRUE">Local Area Network</protocol></itemLocation></itemProps><copyHistory><copy source="\\Dpweng\gis2\cntyview\swamp\hydrants" dest="\\gis-cloud2\DeptShare\DPW\MGI_SharedData\swamp\hydrants" date="20131107" time="15060000"></copy></copyHistory><lineage><Process Name="Copy (18)" ToolSource="c:\program files (x86)\arcgis\desktop10.2\ArcToolbox\Toolboxes\Data Management Tools.tbx\Copy" Date="20131107" Time="150600">Copy \\Dpweng\gis2\cntyview\swamp\hydrants.shp \\gis-cloud2\DeptShare\DPW\MGI_SharedData\swamp\hydrants.shp ShapeFile</Process></lineage></DataProperties></Esri></metadata>
